user_id,movie_id,movie_title,rating,timestamp
U001,M001,Nairobi Nights,3,2026-01-01T08:00:00Z
U004,M001,Nairobi Nights,4,2026-01-06T09:00:00Z
U007,M001,Nairobi Nights,2,2026-01-11T10:00:00Z
U010,M001,Nairobi Nights,2,2026-01-16T11:00:00Z
U013,M001,Nairobi Nights,4,2026-01-21T12:00:00Z
U016,M001,Nairobi Nights,3,2026-01-26T13:00:00Z
U019,M001,Nairobi Nights,3,2026-01-31T14:00:00Z
U022,M001,Nairobi Nights,2,2026-02-05T15:00:00Z
U025,M001,Nairobi Nights,2,2026-02-10T16:00:00Z
U028,M001,Nairobi Nights,4,2026-02-15T17:00:00Z
U031,M001,Nairobi Nights,3,2026-02-20T08:00:00Z
U034,M001,Nairobi Nights,3,2026-02-25T09:00:00Z
U008,M002,Savannah Run,2,2026-01-10T08:00:00Z
U011,M002,Savannah Run,3,2026-01-15T09:00:00Z
U014,M002,Savannah Run,3,2026-01-20T10:00:00Z
U017,M002,Savannah Run,3,2026-01-25T11:00:00Z
U020,M002,Savannah Run,3,2026-01-30T12:00:00Z
U023,M002,Savannah Run,4,2026-02-04T13:00:00Z
U026,M002,Savannah Run,3,2026-02-09T14:00:00Z
U029,M002,Savannah Run,3,2026-02-14T15:00:00Z
U032,M002,Savannah Run,3,2026-02-19T16:00:00Z
U035,M002,Savannah Run,3,2026-02-24T17:00:00Z
U038,M002,Savannah Run,2,2026-03-01T08:00:00Z
U041,M002,Savannah Run,4,2026-03-06T09:00:00Z
U015,M003,The Last Matatu,3,2026-01-19T08:00:00Z
U018,M003,The Last Matatu,3,2026-01-24T09:00:00Z
U021,M003,The Last Matatu,4,2026-01-29T10:00:00Z
U024,M003,The Last Matatu,4,2026-02-03T11:00:00Z
U027,M003,The Last Matatu,2,2026-02-08T12:00:00Z
U030,M003,The Last Matatu,4,2026-02-13T13:00:00Z
U033,M003,The Last Matatu,4,2026-02-18T14:00:00Z
U036,M003,The Last Matatu,2,2026-02-23T15:00:00Z
U039,M003,The Last Matatu,3,2026-02-28T16:00:00Z
U042,M003,The Last Matatu,4,2026-03-05T17:00:00Z
U045,M003,The Last Matatu,3,2026-03-10T08:00:00Z
U048,M003,The Last Matatu,2,2026-03-15T09:00:00Z
U022,M004,Coastal Dreams,4,2026-01-28T08:00:00Z
U025,M004,Coastal Dreams,4,2026-02-02T09:00:00Z
U028,M004,Coastal Dreams,4,2026-02-07T10:00:00Z
U031,M004,Coastal Dreams,3,2026-02-12T11:00:00Z
U034,M004,Coastal Dreams,4,2026-02-17T12:00:00Z
U037,M004,Coastal Dreams,4,2026-02-22T13:00:00Z
U040,M004,Coastal Dreams,4,2026-02-27T14:00:00Z
U043,M004,Coastal Dreams,4,2026-03-04T15:00:00Z
U046,M004,Coastal Dreams,4,2026-03-09T16:00:00Z
U049,M004,Coastal Dreams,5,2026-03-14T17:00:00Z
U002,M004,Coastal Dreams,3,2026-03-19T08:00:00Z
U005,M004,Coastal Dreams,3,2026-03-24T09:00:00Z
U029,M005,Mountain Echoes,5,2026-02-06T08:00:00Z
U032,M005,Mountain Echoes,3,2026-02-11T09:00:00Z
U035,M005,Mountain Echoes,5,2026-02-16T10:00:00Z
U038,M005,Mountain Echoes,2,2026-02-21T11:00:00Z
U041,M005,Mountain Echoes,4,2026-02-26T12:00:00Z
U044,M005,Mountain Echoes,3,2026-03-03T13:00:00Z
U047,M005,Mountain Echoes,3,2026-03-08T14:00:00Z
U050,M005,Mountain Echoes,2,2026-03-13T15:00:00Z
U003,M005,Mountain Echoes,4,2026-03-18T16:00:00Z
U006,M005,Mountain Echoes,4,2026-03-23T17:00:00Z
U009,M005,Mountain Echoes,4,2026-03-28T08:00:00Z
U012,M005,Mountain Echoes,4,2026-04-02T09:00:00Z
U036,M006,City of Tomorrow,3,2026-02-15T08:00:00Z
U039,M006,City of Tomorrow,3,2026-02-20T09:00:00Z
U042,M006,City of Tomorrow,4,2026-02-25T10:00:00Z
U045,M006,City of Tomorrow,5,2026-03-02T11:00:00Z
U048,M006,City of Tomorrow,4,2026-03-07T12:00:00Z
U001,M006,City of Tomorrow,4,2026-03-12T13:00:00Z
U004,M006,City of Tomorrow,3,2026-03-17T14:00:00Z
U007,M006,City of Tomorrow,4,2026-03-22T15:00:00Z
U010,M006,City of Tomorrow,4,2026-03-27T16:00:00Z
U013,M006,City of Tomorrow,4,2026-04-01T17:00:00Z
U016,M006,City of Tomorrow,5,2026-04-06T08:00:00Z
U019,M006,City of Tomorrow,5,2026-04-11T09:00:00Z
U043,M007,Hidden Lake,3,2026-02-24T08:00:00Z
U046,M007,Hidden Lake,5,2026-03-01T09:00:00Z
U049,M007,Hidden Lake,4,2026-03-06T10:00:00Z
U002,M007,Hidden Lake,3,2026-03-11T11:00:00Z
U005,M007,Hidden Lake,5,2026-03-16T12:00:00Z
U008,M007,Hidden Lake,5,2026-03-21T13:00:00Z
U011,M007,Hidden Lake,5,2026-03-26T14:00:00Z
U014,M007,Hidden Lake,3,2026-03-31T15:00:00Z
U017,M007,Hidden Lake,5,2026-04-05T16:00:00Z
U020,M007,Hidden Lake,3,2026-04-10T17:00:00Z
U023,M007,Hidden Lake,4,2026-04-15T08:00:00Z
U026,M007,Hidden Lake,3,2026-04-20T09:00:00Z
U050,M008,The Long Journey,3,2026-03-05T08:00:00Z
U003,M008,The Long Journey,4,2026-03-10T09:00:00Z
U006,M008,The Long Journey,3,2026-03-15T10:00:00Z
U009,M008,The Long Journey,4,2026-03-20T11:00:00Z
U012,M008,The Long Journey,3,2026-03-25T12:00:00Z
U015,M008,The Long Journey,2,2026-03-30T13:00:00Z
U018,M008,The Long Journey,2,2026-04-04T14:00:00Z
U021,M008,The Long Journey,3,2026-04-09T15:00:00Z
U024,M008,The Long Journey,3,2026-04-14T16:00:00Z
U027,M008,The Long Journey,3,2026-04-19T17:00:00Z
U030,M008,The Long Journey,2,2026-04-24T08:00:00Z
U033,M008,The Long Journey,2,2026-04-29T09:00:00Z
U007,M009,Digital Hearts,2,2026-03-14T08:00:00Z
U010,M009,Digital Hearts,1,2026-03-19T09:00:00Z
U013,M009,Digital Hearts,4,2026-03-24T10:00:00Z
U016,M009,Digital Hearts,3,2026-03-29T11:00:00Z
U019,M009,Digital Hearts,3,2026-04-03T12:00:00Z
U022,M009,Digital Hearts,4,2026-04-08T13:00:00Z
U025,M009,Digital Hearts,3,2026-04-13T14:00:00Z
U028,M009,Digital Hearts,3,2026-04-18T15:00:00Z
U031,M009,Digital Hearts,2,2026-04-23T16:00:00Z
U034,M009,Digital Hearts,2,2026-04-28T17:00:00Z
U037,M009,Digital Hearts,4,2026-05-03T08:00:00Z
U040,M009,Digital Hearts,4,2026-05-08T09:00:00Z
U014,M010,Beyond the Horizon,4,2026-03-23T08:00:00Z
U017,M010,Beyond the Horizon,4,2026-03-28T09:00:00Z
U020,M010,Beyond the Horizon,3,2026-04-02T10:00:00Z
U023,M010,Beyond the Horizon,5,2026-04-07T11:00:00Z
U026,M010,Beyond the Horizon,4,2026-04-12T12:00:00Z
U029,M010,Beyond the Horizon,4,2026-04-17T13:00:00Z
U032,M010,Beyond the Horizon,3,2026-04-22T14:00:00Z
U035,M010,Beyond the Horizon,3,2026-04-27T15:00:00Z
U038,M010,Beyond the Horizon,3,2026-05-02T16:00:00Z
U041,M010,Beyond the Horizon,4,2026-05-07T17:00:00Z
U044,M010,Beyond the Horizon,4,2026-05-12T08:00:00Z
U047,M010,Beyond the Horizon,4,2026-05-17T09:00:00Z
U021,M011,River of Stories,3,2026-04-01T08:00:00Z
U024,M011,River of Stories,4,2026-04-06T09:00:00Z
U027,M011,River of Stories,2,2026-04-11T10:00:00Z
U030,M011,River of Stories,3,2026-04-16T11:00:00Z
U033,M011,River of Stories,4,2026-04-21T12:00:00Z
U036,M011,River of Stories,4,2026-04-26T13:00:00Z
U039,M011,River of Stories,3,2026-05-01T14:00:00Z
U042,M011,River of Stories,4,2026-05-06T15:00:00Z
U045,M011,River of Stories,3,2026-05-11T16:00:00Z
U048,M011,River of Stories,3,2026-05-16T17:00:00Z
U001,M011,River of Stories,4,2026-05-21T08:00:00Z
U004,M011,River of Stories,3,2026-05-26T09:00:00Z
U028,M012,The Final Goal,4,2026-04-10T08:00:00Z
U031,M012,The Final Goal,4,2026-04-15T09:00:00Z
U034,M012,The Final Goal,3,2026-04-20T10:00:00Z
U037,M012,The Final Goal,4,2026-04-25T11:00:00Z
U040,M012,The Final Goal,5,2026-04-30T12:00:00Z
U043,M012,The Final Goal,4,2026-05-05T13:00:00Z
U046,M012,The Final Goal,2,2026-05-10T14:00:00Z
U049,M012,The Final Goal,4,2026-05-15T15:00:00Z
U002,M012,The Final Goal,3,2026-05-20T16:00:00Z
U005,M012,The Final Goal,5,2026-05-25T17:00:00Z
U008,M012,The Final Goal,4,2026-05-30T08:00:00Z
U011,M012,The Final Goal,4,2026-06-04T09:00:00Z
U035,M013,Midnight in Mombasa,5,2026-04-19T08:00:00Z
U038,M013,Midnight in Mombasa,5,2026-04-24T09:00:00Z
U041,M013,Midnight in Mombasa,3,2026-04-29T10:00:00Z
U044,M013,Midnight in Mombasa,3,2026-05-04T11:00:00Z
U047,M013,Midnight in Mombasa,5,2026-05-09T12:00:00Z
U050,M013,Midnight in Mombasa,5,2026-05-14T13:00:00Z
U003,M013,Midnight in Mombasa,4,2026-05-19T14:00:00Z
U006,M013,Midnight in Mombasa,5,2026-05-24T15:00:00Z
U009,M013,Midnight in Mombasa,5,2026-05-29T16:00:00Z
U012,M013,Midnight in Mombasa,4,2026-06-03T17:00:00Z
U015,M013,Midnight in Mombasa,5,2026-06-08T08:00:00Z
U018,M013,Midnight in Mombasa,4,2026-06-13T09:00:00Z
U042,M014,Code Breakers,4,2026-04-28T08:00:00Z
U045,M014,Code Breakers,5,2026-05-03T09:00:00Z
U048,M014,Code Breakers,3,2026-05-08T10:00:00Z
U001,M014,Code Breakers,4,2026-05-13T11:00:00Z
U004,M014,Code Breakers,4,2026-05-18T12:00:00Z
U007,M014,Code Breakers,5,2026-05-23T13:00:00Z
U010,M014,Code Breakers,4,2026-05-28T14:00:00Z
U013,M014,Code Breakers,5,2026-06-02T15:00:00Z
U016,M014,Code Breakers,4,2026-06-07T16:00:00Z
U019,M014,Code Breakers,4,2026-06-12T17:00:00Z
U022,M014,Code Breakers,4,2026-06-17T08:00:00Z
U025,M014,Code Breakers,4,2026-06-22T09:00:00Z
U049,M015,The Green Valley,2,2026-05-07T08:00:00Z
U002,M015,The Green Valley,4,2026-05-12T09:00:00Z
U005,M015,The Green Valley,2,2026-05-17T10:00:00Z
U008,M015,The Green Valley,3,2026-05-22T11:00:00Z
U011,M015,The Green Valley,2,2026-05-27T12:00:00Z
U014,M015,The Green Valley,3,2026-06-01T13:00:00Z
U017,M015,The Green Valley,2,2026-06-06T14:00:00Z
U020,M015,The Green Valley,2,2026-06-11T15:00:00Z
U023,M015,The Green Valley,3,2026-06-16T16:00:00Z
U026,M015,The Green Valley,2,2026-06-21T17:00:00Z
U029,M015,The Green Valley,3,2026-06-26T08:00:00Z
U032,M015,The Green Valley,3,2026-07-01T09:00:00Z
U006,M016,Second Chance,3,2026-05-16T08:00:00Z
U009,M016,Second Chance,3,2026-05-21T09:00:00Z
U012,M016,Second Chance,2,2026-05-26T10:00:00Z
U015,M016,Second Chance,3,2026-05-31T11:00:00Z
U018,M016,Second Chance,4,2026-06-05T12:00:00Z
U021,M016,Second Chance,4,2026-06-10T13:00:00Z
U024,M016,Second Chance,3,2026-06-15T14:00:00Z
U027,M016,Second Chance,2,2026-06-20T15:00:00Z
U030,M016,Second Chance,4,2026-06-25T16:00:00Z
U033,M016,Second Chance,4,2026-06-30T17:00:00Z
U036,M016,Second Chance,4,2026-07-05T08:00:00Z
U039,M016,Second Chance,4,2026-07-10T09:00:00Z
U013,M017,Campus Life,3,2026-05-25T08:00:00Z
U016,M017,Campus Life,3,2026-05-30T09:00:00Z
U019,M017,Campus Life,4,2026-06-04T10:00:00Z
U022,M017,Campus Life,4,2026-06-09T11:00:00Z
U025,M017,Campus Life,3,2026-06-14T12:00:00Z
U028,M017,Campus Life,4,2026-06-19T13:00:00Z
U031,M017,Campus Life,2,2026-06-24T14:00:00Z
U034,M017,Campus Life,3,2026-06-29T15:00:00Z
U037,M017,Campus Life,3,2026-07-04T16:00:00Z
U040,M017,Campus Life,4,2026-07-09T17:00:00Z
U043,M017,Campus Life,3,2026-07-14T08:00:00Z
U046,M017,Campus Life,3,2026-07-19T09:00:00Z
U020,M018,The Silent Drum,4,2026-06-03T08:00:00Z
U023,M018,The Silent Drum,3,2026-06-08T09:00:00Z
U026,M018,The Silent Drum,2,2026-06-13T10:00:00Z
U029,M018,The Silent Drum,3,2026-06-18T11:00:00Z
U032,M018,The Silent Drum,3,2026-06-23T12:00:00Z
U035,M018,The Silent Drum,4,2026-06-28T13:00:00Z
U038,M018,The Silent Drum,4,2026-07-03T14:00:00Z
U041,M018,The Silent Drum,4,2026-07-08T15:00:00Z
U044,M018,The Silent Drum,3,2026-07-13T16:00:00Z
U047,M018,The Silent Drum,4,2026-07-18T17:00:00Z
U050,M018,The Silent Drum,4,2026-07-23T08:00:00Z
U003,M018,The Silent Drum,4,2026-07-28T09:00:00Z
U027,M019,Future Africa,4,2026-06-12T08:00:00Z
U030,M019,Future Africa,5,2026-06-17T09:00:00Z
U033,M019,Future Africa,3,2026-06-22T10:00:00Z
U036,M019,Future Africa,3,2026-06-27T11:00:00Z
U039,M019,Future Africa,4,2026-07-02T12:00:00Z
U042,M019,Future Africa,5,2026-07-07T13:00:00Z
U045,M019,Future Africa,3,2026-07-12T14:00:00Z
U048,M019,Future Africa,4,2026-07-17T15:00:00Z
U001,M019,Future Africa,4,2026-07-22T16:00:00Z
U004,M019,Future Africa,4,2026-07-27T17:00:00Z
U007,M019,Future Africa,4,2026-08-01T08:00:00Z
U010,M019,Future Africa,4,2026-08-06T09:00:00Z
U034,M020,Home Again,4,2026-06-21T08:00:00Z
U037,M020,Home Again,4,2026-06-26T09:00:00Z
U040,M020,Home Again,5,2026-07-01T10:00:00Z
U043,M020,Home Again,4,2026-07-06T11:00:00Z
U046,M020,Home Again,5,2026-07-11T12:00:00Z
U049,M020,Home Again,5,2026-07-16T13:00:00Z
U002,M020,Home Again,4,2026-07-21T14:00:00Z
U005,M020,Home Again,3,2026-07-26T15:00:00Z
U008,M020,Home Again,3,2026-07-31T16:00:00Z
U011,M020,Home Again,4,2026-08-05T17:00:00Z
U014,M020,Home Again,4,2026-08-10T08:00:00Z
U017,M020,Home Again,4,2026-08-15T09:00:00Z
U041,M021,Market Day,4,2026-06-30T08:00:00Z
U044,M021,Market Day,5,2026-07-05T09:00:00Z
U047,M021,Market Day,3,2026-07-10T10:00:00Z
U050,M021,Market Day,5,2026-07-15T11:00:00Z
U003,M021,Market Day,5,2026-07-20T12:00:00Z
U006,M021,Market Day,5,2026-07-25T13:00:00Z
U009,M021,Market Day,5,2026-07-30T14:00:00Z
U012,M021,Market Day,5,2026-08-04T15:00:00Z
U015,M021,Market Day,4,2026-08-09T16:00:00Z
U018,M021,Market Day,3,2026-08-14T17:00:00Z
U021,M021,Market Day,3,2026-08-19T08:00:00Z
U024,M021,Market Day,5,2026-08-24T09:00:00Z
U048,M022,Wings of Hope,2,2026-07-09T08:00:00Z
U001,M022,Wings of Hope,4,2026-07-14T09:00:00Z
U004,M022,Wings of Hope,4,2026-07-19T10:00:00Z
U007,M022,Wings of Hope,4,2026-07-24T11:00:00Z
U010,M022,Wings of Hope,3,2026-07-29T12:00:00Z
U013,M022,Wings of Hope,2,2026-08-03T13:00:00Z
U016,M022,Wings of Hope,3,2026-08-08T14:00:00Z
U019,M022,Wings of Hope,3,2026-08-13T15:00:00Z
U022,M022,Wings of Hope,2,2026-08-18T16:00:00Z
U025,M022,Wings of Hope,3,2026-08-23T17:00:00Z
U028,M022,Wings of Hope,1,2026-08-28T08:00:00Z
U031,M022,Wings of Hope,2,2026-01-05T09:00:00Z
U005,M023,The Startup,2,2026-07-18T08:00:00Z
U008,M023,The Startup,3,2026-07-23T09:00:00Z
U011,M023,The Startup,4,2026-07-28T10:00:00Z
U014,M023,The Startup,2,2026-08-02T11:00:00Z
U017,M023,The Startup,3,2026-08-07T12:00:00Z
U020,M023,The Startup,2,2026-08-12T13:00:00Z
U023,M023,The Startup,3,2026-08-17T14:00:00Z
U026,M023,The Startup,2,2026-08-22T15:00:00Z
U029,M023,The Startup,2,2026-08-27T16:00:00Z
U032,M023,The Startup,2,2026-01-04T17:00:00Z
U035,M023,The Startup,3,2026-01-09T08:00:00Z
U038,M023,The Startup,3,2026-01-14T09:00:00Z
U012,M024,Road to Kisumu,3,2026-07-27T08:00:00Z
U015,M024,Road to Kisumu,3,2026-08-01T09:00:00Z
U018,M024,Road to Kisumu,4,2026-08-06T10:00:00Z
U021,M024,Road to Kisumu,3,2026-08-11T11:00:00Z
U024,M024,Road to Kisumu,5,2026-08-16T12:00:00Z
U027,M024,Road to Kisumu,3,2026-08-21T13:00:00Z
U030,M024,Road to Kisumu,2,2026-08-26T14:00:00Z
U033,M024,Road to Kisumu,2,2026-01-03T15:00:00Z
U036,M024,Road to Kisumu,4,2026-01-08T16:00:00Z
U039,M024,Road to Kisumu,2,2026-01-13T17:00:00Z
U042,M024,Road to Kisumu,4,2026-01-18T08:00:00Z
U045,M024,Road to Kisumu,4,2026-01-23T09:00:00Z
U031,M015,The Green Valley,4,2026-06-10T14:00:00Z
U004,M005,Mountain Echoes,2,2026-02-20T13:00:00Z
U039,M017,Campus Life,4,2026-07-11T19:00:00Z
U036,M001,Nairobi Nights,2,2026-07-20T08:00:00Z
U029,M022,Wings of Hope,3,2026-02-24T12:00:00Z
U017,M001,Nairobi Nights,3,2026-01-14T15:00:00Z
U034,M001,Nairobi Nights,4,2026-01-04T15:00:00Z
U015,M011,River of Stories,3,2026-02-06T15:00:00Z
U050,M002,Savannah Run,2,2026-09-02T08:00:00Z
U041,M018,The Silent Drum,3,2026-04-28T10:00:00Z
U049,M008,The Long Journey,2,2026-05-26T10:00:00Z
U008,M002,Savannah Run,2,2026-09-04T09:00:00Z
U028,M003,The Last Matatu,2,2026-04-27T16:00:00Z
U006,M024,Road to Kisumu,4,2026-01-07T18:00:00Z
U015,M001,Nairobi Nights,4,2026-07-06T15:00:00Z
U021,M002,Savannah Run,3,2026-05-06T17:00:00Z
U007,M017,Campus Life,3,2026-01-17T09:00:00Z
U023,M002,Savannah Run,2,2026-07-29T18:00:00Z
U050,M006,City of Tomorrow,4,2026-09-05T09:00:00Z
U035,M004,Coastal Dreams,3,2026-05-13T15:00:00Z
U003,M011,River of Stories,3,2026-03-27T17:00:00Z
U037,M001,Nairobi Nights,2,2026-03-30T17:00:00Z
U032,M006,City of Tomorrow,4,2026-08-07T10:00:00Z
U010,M002,Savannah Run,4,2026-01-29T18:00:00Z
U048,M005,Mountain Echoes,3,2026-08-06T12:00:00Z
U015,M003,The Last Matatu,4,2026-08-19T14:00:00Z
U044,M009,Digital Hearts,2,2026-05-29T18:00:00Z
U016,M015,The Green Valley,3,2026-06-14T17:00:00Z
U042,M008,The Long Journey,2,2026-02-27T18:00:00Z
U035,M018,The Silent Drum,3,2026-03-18T09:00:00Z
U030,M001,Nairobi Nights,4,2026-08-11T18:00:00Z
U049,M022,Wings of Hope,2,2026-05-26T17:00:00Z
U043,M002,Savannah Run,3,2026-08-09T16:00:00Z
U002,M004,Coastal Dreams,5,2026-07-13T08:00:00Z
U007,M018,The Silent Drum,3,2026-02-23T19:00:00Z
U038,M005,Mountain Echoes,3,2026-05-03T08:00:00Z
U042,M022,Wings of Hope,2,2026-09-05T19:00:00Z
U045,M016,Second Chance,3,2026-03-18T17:00:00Z
U026,M003,The Last Matatu,4,2026-03-27T14:00:00Z
U044,M005,Mountain Echoes,3,2026-03-22T16:00:00Z
U005,M001,Nairobi Nights,2,2026-05-01T14:00:00Z
U010,M002,Savannah Run,3,2026-01-27T19:00:00Z
U011,M002,Savannah Run,4,2026-08-03T18:00:00Z
U006,M015,The Green Valley,2,2026-09-07T08:00:00Z
U016,M003,The Last Matatu,3,2026-08-24T16:00:00Z
U046,M004,Coastal Dreams,3,2026-04-25T16:00:00Z
U005,M013,Midnight in Mombasa,4,2026-02-15T15:00:00Z
U016,M010,Beyond the Horizon,3,2026-05-09T15:00:00Z
U010,M002,Savannah Run,3,2026-01-13T16:00:00Z
U050,M006,City of Tomorrow,4,2026-05-28T14:00:00Z
U011,M003,The Last Matatu,3,2026-01-05T15:00:00Z
U024,M005,Mountain Echoes,4,2026-05-03T10:00:00Z
U047,M006,City of Tomorrow,2,2026-06-21T11:00:00Z
U037,M018,The Silent Drum,4,2026-02-01T19:00:00Z
U036,M003,The Last Matatu,4,2026-05-02T19:00:00Z
U003,M023,The Startup,4,2026-06-09T10:00:00Z
U020,M012,The Final Goal,5,2026-08-27T08:00:00Z
U016,M002,Savannah Run,5,2026-02-25T10:00:00Z
U014,M013,Midnight in Mombasa,4,2026-03-05T17:00:00Z
U010,M001,Nairobi Nights,3,2026-06-18T16:00:00Z
U005,M002,Savannah Run,4,2026-06-25T19:00:00Z
U032,M015,The Green Valley,2,2026-05-22T19:00:00Z
U018,M005,Mountain Echoes,4,2026-04-21T18:00:00Z
U010,M014,Code Breakers,5,2026-05-23T12:00:00Z
U005,M001,Nairobi Nights,2,2026-03-18T09:00:00Z
U006,M001,Nairobi Nights,3,2026-07-02T18:00:00Z
U032,M012,The Final Goal,3,2026-02-01T13:00:00Z
U002,M004,Coastal Dreams,3,2026-03-11T09:00:00Z
U010,M005,Mountain Echoes,4,2026-07-16T17:00:00Z
U029,M013,Midnight in Mombasa,4,2026-06-07T09:00:00Z
U008,M006,City of Tomorrow,4,2026-06-21T12:00:00Z
U004,M019,Future Africa,5,2026-02-27T10:00:00Z
U026,M006,City of Tomorrow,4,2026-05-18T11:00:00Z
U007,M005,Mountain Echoes,5,2026-01-16T16:00:00Z
U006,M019,Future Africa,5,2026-04-10T16:00:00Z
U008,M005,Mountain Echoes,3,2026-03-05T11:00:00Z
U048,M006,City of Tomorrow,3,2026-03-13T16:00:00Z
U037,M002,Savannah Run,2,2026-05-14T13:00:00Z
U021,M020,Home Again,5,2026-08-17T12:00:00Z
U039,M005,Mountain Echoes,4,2026-07-19T08:00:00Z
U014,M011,River of Stories,4,2026-08-03T13:00:00Z
U044,M003,The Last Matatu,5,2026-08-21T16:00:00Z
U010,M005,Mountain Echoes,4,2026-05-29T18:00:00Z
U044,M001,Nairobi Nights,3,2026-05-05T16:00:00Z
U044,M002,Savannah Run,3,2026-02-09T12:00:00Z
U022,M003,The Last Matatu,2,2026-06-17T17:00:00Z
U011,M006,City of Tomorrow,5,2026-07-29T17:00:00Z
U032,M003,The Last Matatu,2,2026-05-06T17:00:00Z
U009,M006,City of Tomorrow,3,2026-03-25T18:00:00Z
U047,M004,Coastal Dreams,3,2026-04-15T18:00:00Z
U033,M020,Home Again,4,2026-07-28T17:00:00Z
U012,M008,The Long Journey,2,2026-02-13T16:00:00Z
U036,M003,The Last Matatu,4,2026-07-26T10:00:00Z
U019,M004,Coastal Dreams,4,2026-05-09T13:00:00Z
U035,M005,Mountain Echoes,5,2026-04-18T09:00:00Z
U021,M022,Wings of Hope,3,2026-08-27T09:00:00Z
U043,M015,The Green Valley,2,2026-01-15T16:00:00Z
U032,M018,The Silent Drum,5,2026-06-14T18:00:00Z
U045,M016,Second Chance,4,2026-01-01T12:00:00Z
U021,M016,Second Chance,4,2026-05-30T18:00:00Z
U001,M002,Savannah Run,2,2026-08-05T10:00:00Z
U007,M018,The Silent Drum,4,2026-05-20T08:00:00Z
U033,M011,River of Stories,4,2026-05-09T16:00:00Z
U022,M024,Road to Kisumu,5,2026-01-14T11:00:00Z
U035,M004,Coastal Dreams,4,2026-08-09T12:00:00Z
U050,M001,Nairobi Nights,4,2026-05-17T13:00:00Z
U029,M010,Beyond the Horizon,2,2026-02-24T13:00:00Z
U048,M001,Nairobi Nights,2,2026-06-13T15:00:00Z
U037,M005,Mountain Echoes,5,2026-05-03T15:00:00Z
U005,M022,Wings of Hope,4,2026-03-28T17:00:00Z
U050,M005,Mountain Echoes,3,2026-06-03T19:00:00Z
U018,M017,Campus Life,3,2026-04-23T10:00:00Z
U033,M006,City of Tomorrow,4,2026-01-27T12:00:00Z
U045,M006,City of Tomorrow,3,2026-05-20T18:00:00Z
U002,M004,Coastal Dreams,3,2026-06-07T12:00:00Z
U037,M008,The Long Journey,2,2026-07-20T09:00:00Z
U045,M001,Nairobi Nights,2,2026-08-03T13:00:00Z
U027,M021,Market Day,5,2026-05-12T12:00:00Z
U027,M006,City of Tomorrow,4,2026-02-14T13:00:00Z
U045,M006,City of Tomorrow,5,2026-05-27T18:00:00Z
U015,M021,Market Day,5,2026-08-22T09:00:00Z
U040,M003,The Last Matatu,4,2026-05-29T09:00:00Z
U009,M004,Coastal Dreams,4,2026-05-08T15:00:00Z
U042,M006,City of Tomorrow,5,2026-06-10T16:00:00Z
U016,M018,The Silent Drum,3,2026-02-16T11:00:00Z
U006,M002,Savannah Run,3,2026-01-01T10:00:00Z
U021,M008,The Long Journey,3,2026-01-15T18:00:00Z
U017,M005,Mountain Echoes,4,2026-03-11T19:00:00Z
U035,M003,The Last Matatu,2,2026-07-03T11:00:00Z
U022,M002,Savannah Run,2,2026-08-11T17:00:00Z
U049,M001,Nairobi Nights,4,2026-06-15T09:00:00Z
U011,M007,Hidden Lake,5,2026-01-06T12:00:00Z
U023,M003,The Last Matatu,3,2026-06-17T10:00:00Z
U035,M005,Mountain Echoes,4,2026-02-04T11:00:00Z
U009,M009,Digital Hearts,4,2026-03-31T19:00:00Z
U039,M006,City of Tomorrow,4,2026-08-06T18:00:00Z
U032,M016,Second Chance,3,2026-02-01T11:00:00Z
U010,M005,Mountain Echoes,4,2026-01-08T15:00:00Z
U021,M007,Hidden Lake,5,2026-02-10T17:00:00Z
U006,M022,Wings of Hope,3,2026-07-06T18:00:00Z
U009,M008,The Long Journey,3,2026-03-01T13:00:00Z
U020,M004,Coastal Dreams,4,2026-01-03T13:00:00Z
U013,M002,Savannah Run,3,2026-05-12T11:00:00Z
U017,M004,Coastal Dreams,3,2026-08-28T10:00:00Z
U032,M002,Savannah Run,2,2026-08-08T15:00:00Z
U025,M021,Market Day,5,2026-08-28T14:00:00Z
U011,M001,Nairobi Nights,2,2026-04-02T17:00:00Z
U016,M003,The Last Matatu,2,2026-07-21T13:00:00Z
U038,M003,The Last Matatu,4,2026-01-24T14:00:00Z
U003,M022,Wings of Hope,2,2026-07-07T18:00:00Z
U007,M001,Nairobi Nights,3,2026-07-28T18:00:00Z
U049,M006,City of Tomorrow,4,2026-06-15T10:00:00Z
U011,M004,Coastal Dreams,3,2026-06-07T08:00:00Z
U032,M008,The Long Journey,2,2026-01-26T18:00:00Z
U041,M022,Wings of Hope,4,2026-03-15T08:00:00Z
U017,M003,The Last Matatu,4,2026-02-17T09:00:00Z
U041,M019,Future Africa,5,2026-01-20T10:00:00Z
U045,M002,Savannah Run,3,2026-08-15T17:00:00Z
U002,M001,Nairobi Nights,3,2026-01-30T18:00:00Z
U015,M011,River of Stories,3,2026-04-29T15:00:00Z
U008,M001,Nairobi Nights,3,2026-04-08T15:00:00Z
U048,M003,The Last Matatu,3,2026-05-17T10:00:00Z
U013,M007,Hidden Lake,3,2026-03-09T11:00:00Z
U010,M014,Code Breakers,4,2026-03-08T19:00:00Z
U020,M003,The Last Matatu,4,2026-08-05T12:00:00Z
U033,M013,Midnight in Mombasa,5,2026-08-21T15:00:00Z
U004,M022,Wings of Hope,2,2026-07-29T19:00:00Z
U004,M005,Mountain Echoes,4,2026-06-12T11:00:00Z
U041,M004,Coastal Dreams,2,2026-08-09T08:00:00Z
U014,M003,The Last Matatu,3,2026-03-05T09:00:00Z
U019,M010,Beyond the Horizon,2,2026-08-14T08:00:00Z
U009,M020,Home Again,4,2026-06-30T11:00:00Z
U003,M009,Digital Hearts,4,2026-08-21T12:00:00Z
U040,M013,Midnight in Mombasa,4,2026-06-14T14:00:00Z
U014,M006,City of Tomorrow,4,2026-04-29T15:00:00Z
U035,M005,Mountain Echoes,5,2026-02-19T11:00:00Z
U025,M001,Nairobi Nights,2,2026-06-25T08:00:00Z
U030,M008,The Long Journey,2,2026-04-02T10:00:00Z
U030,M002,Savannah Run,3,2026-04-03T08:00:00Z
U020,M006,City of Tomorrow,4,2026-01-10T14:00:00Z
U001,M016,Second Chance,2,2026-04-02T11:00:00Z
U016,M024,Road to Kisumu,2,2026-08-16T08:00:00Z
U037,M005,Mountain Echoes,4,2026-02-24T17:00:00Z
U010,M006,City of Tomorrow,4,2026-04-08T11:00:00Z
U047,M012,The Final Goal,3,2026-03-04T15:00:00Z
U012,M005,Mountain Echoes,5,2026-05-22T12:00:00Z
U025,M001,Nairobi Nights,3,2026-01-07T15:00:00Z
U002,M016,Second Chance,3,2026-05-25T15:00:00Z
U020,M007,Hidden Lake,5,2026-05-05T17:00:00Z
U030,M012,The Final Goal,3,2026-01-29T08:00:00Z
U033,M014,Code Breakers,4,2026-08-30T13:00:00Z
U019,M015,The Green Valley,3,2026-08-03T11:00:00Z
U040,M006,City of Tomorrow,4,2026-05-13T13:00:00Z
U010,M001,Nairobi Nights,2,2026-05-03T19:00:00Z
U030,M001,Nairobi Nights,3,2026-03-18T14:00:00Z
U028,M005,Mountain Echoes,5,2026-02-17T12:00:00Z
U029,M006,City of Tomorrow,4,2026-03-17T18:00:00Z
U039,M014,Code Breakers,5,2026-01-05T11:00:00Z
U042,M003,The Last Matatu,4,2026-06-12T09:00:00Z
U027,M004,Coastal Dreams,4,2026-03-03T13:00:00Z
U013,M005,Mountain Echoes,5,2026-06-28T17:00:00Z
U040,M012,The Final Goal,4,2026-02-23T10:00:00Z
U001,M005,Mountain Echoes,4,2026-08-25T10:00:00Z
U035,M006,City of Tomorrow,3,2026-04-11T13:00:00Z
U023,M005,Mountain Echoes,4,2026-06-14T17:00:00Z
U018,M003,The Last Matatu,4,2026-04-19T09:00:00Z
U037,M002,Savannah Run,4,2026-08-05T16:00:00Z
U006,M004,Coastal Dreams,5,2026-04-20T16:00:00Z
U030,M001,Nairobi Nights,2,2026-05-19T14:00:00Z
U039,M002,Savannah Run,2,2026-07-17T09:00:00Z
U024,M003,The Last Matatu,2,2026-05-16T13:00:00Z
U007,M001,Nairobi Nights,2,2026-02-14T18:00:00Z
U023,M002,Savannah Run,4,2026-02-04T13:00:00Z
U012,M008,The Long Journey,3,2026-03-25T12:00:00Z
U023,M018,The Silent Drum,3,2026-06-08T09:00:00Z
,M004,Coastal Dreams,4,2026-08-15T10:00:00Z
U014,,,3,2026-08-16T11:00:00Z
,M021,Market Day,2,2026-08-17T12:00:00Z
U006,M010,Beyond the Horizon,0,2026-08-18T09:00:00Z
U028,M015,The Green Valley,6,2026-08-19T13:00:00Z
U041,M023,The Startup,-1,2026-08-20T14:00:00Z
